Workbook
Name BtfeHeaderLastChanged: 'Action Items'!$B$4
Name BtfeHeaderLastChanged: Index!$C$8
Name BtfeHeaderLastChanged: Summary!$B$4
Name BtfeHeaderLastChanged: Tracker!$B$4
Name BtfeHeaderSheetName: 'Action Items'!$B$3
Name BtfeHeaderSheetName: Summary!$B$3
Name BtfeHeaderSheetName: Tracker!$B$3
Name BtfeHeaderWorkbookTitle: 'Action Items'!$B$2
Name BtfeHeaderWorkbookTitle: Index!$C$7
Name BtfeHeaderWorkbookTitle: Summary!$B$2
Name BtfeHeaderWorkbookTitle: Tracker!$B$2
Name BtfeIndexSheetTable: Index!$C$13:$E$22

Sheet Index
I2: Sheet types
E3: / DRAFT | I3: Input: Facts
I4: Input: Assumptions
I5: Calculation
I6: Output
C7: OppCat Architecture Assessment Tracker
C8: Last changed on: 29-Jul-2026
C10: Requirement-by-requirement responses against the Architecture Assessment framework (180 requirements).
C12: Sheet Name | D12: Description | E12: Type
B13: 8TXtzVME | C13: Tracker | D13: Full 180-requirement status: original and proposed priority, classification, responses, status, owner, technical comment, and recommended action. | E13: Output
B14: C9TY6N0M | C14: Summary | D14: Counts of status by area and by owner, plus MUST-coverage KPIs (formula-driven). | E14: Output
B15: QzffmkCa | C15: Action Items | D15: Discussion points, disagreements needing resolution, suggested next steps. | E15: Output

Sheet Tracker
B2: =Index!BtfeHeaderWorkbookTitle -> OppCat Architecture Assessment Tracker
B3: Sheet "Tracker"
B4: Last changed on: 22-Sept-2026 | F4: / DRAFT
B7: ARC v2 — Architecture Assessment Response Tracker
B8: Status = reviewer derivation from responses. Filter on Status / Owner / Priority to route work. Concern & Disagreement (red) need attention first. | J8: Colours are to focus attention on most important items that need discussion
B9: ID | C9: Area | D9: Section | E9: Requirement | F9: Priority | G9: Proposed Priority | H9: Classification | I9: Design response | J9: Arch/Engineering response | K9: Status | L9: Owner | M9: Technical Comment | N9: Flag / Recommended Action | O9: overall RAG
B10: TA-01 | C10: Technical Architecture | D10: Core Architecture | E10: High-level architectural diagrams MUST exist and be accessible for peer review. | F10: MUST | G10: MUST | H10: Applicable – D&D | M10: Valid architecture/design concern. Define the target approach and decision during D&D; implementation evidence can follow during delivery.
B11: TA-02 | C11: Technical Architecture | D11: Core Architecture | E11: The architectural style (e.g. Cloud, SaaS, N-Tier, µ-services) MUST be clearly defined and documented with supporting diagrams (activity, sequence, data flow, deployment). | F11: MUST | G11: MUST | H11: Applicable – D&D | M11: Valid architecture/design concern. Define the target approach and decision during D&D; implementation evidence can follow during delivery.
B12: TA-03 | C12: Technical Architecture | D12: Core Architecture | E12: Data flow MUST be documented, including how data is ingested, validated and screened from third parties. | F12: MUST | G12: MUST | H12: Applicable – D&D | M12: Valid architecture/design concern. Define the target approach and decision during D&D; implementation evidence can follow during delivery.
B13: TA-04 | C13: Technical Architecture | D13: Core Architecture | E13: The solution MUST follow a standard µ-service or enterprise application architecture pattern. | F13: MUST | G13: SHOULD | H13: Questionable Requirement | M13: Do not mandate microservices. Require an architecture pattern appropriate to the product context.
B14: TA-05 | C14: Technical Architecture | D14: Core Architecture | E14: Service implementations MUST be governed at the correct functional granularity to support independent scalability. | F14: MUST | G14: SHOULD | H14: Questionable Requirement | M14: Independent scalability is only required where components have distinct scaling needs; functional boundaries should drive decomposition.
B15: TA-06 | C15: Technical Architecture | D15: Core Architecture | E15: The degree of coupling between services and components MUST be assessed and minimised; abstractions MUST be in place to manage complexity. | F15: MUST | G15: MUST | H15: Applicable – D&D | M15: Valid architecture/design concern. Define the target approach and decision during D&D; implementation evidence can follow during delivery.
B16: TA-07 | C16: Technical Architecture | D16: Core Architecture | E16: Open source usage MUST be documented; code-back obligations MUST be identified and the relevant code MUST be segregated (e.g. separate repo with binary dependency consumption). | F16: MUST | G16: MUST | H16: Applicable – Development | M16: Valid implementation/engineering requirement. The architecture should enable it, but concrete evidence is expected during development and CI/CD rather than as a complete D&D deliverable.
B17: TA-08 | C17: Technical Architecture | D17: Core Architecture | E17: Interconnectivity standards MUST be defined and implemented (e.g. RESTful/resource-based URLs, GraphQL, JSON, XML, AVRO). | F17: MUST | G17: MUST | H17: Applicable – D&D | M17: Valid architecture/design concern. Define the target approach and decision during D&D; implementation evidence can follow during delivery.
B18: TA-09 | C18: Technical Architecture | D18: Core Architecture | E18: System orchestration MUST support pre-emptive and time-based scaling. | F18: MUST | G18: SHOULD | H18: Questionable Requirement | M18: Pre-emptive/time-based scaling is context-dependent. Autoscaling strategy should be based on actual workload characteristics.
B19: TA-10 | C19: Technical Architecture | D19: Core Architecture | E19: Memory consumption MUST be controlled; each instance MUST be independent from a memory standpoint relative to input data. | F19: MUST | G19: SHOULD | H19: Questionable Requirement | M19: Control memory usage, but the wording about instance independence should be interpreted according to the runtime and state model.
B20: TA-11 | C20: Technical Architecture | D20: Core Architecture | E20: Major components MUST be compartmentalised, with assigned guardians/gatekeepers responsible for conceptual integrity. | F20: MUST | G20: SHOULD | H20: Questionable Requirement | M20: Component ownership is useful, but named guardians/gatekeepers are an operating-model choice rather than a universal architecture requirement.
B21: TA-12 | C21: Technical Architecture | D21: Core Architecture | E21: Code MUST be traceable to architectural designs; architectural documentation MUST be maintained as living documents. | F21: MUST | G21: MUST | H21: Applicable – Development | M21: Valid implementation/engineering requirement. The architecture should enable it, but concrete evidence is expected during development and CI/CD rather than as a complete D&D deliverable.
... B189: SD-47 | C189: Software Dev Principles | D189: Development Process | E189: An incident response plan MUST be defined and periodically exercised, aligned with the TSG Cyber Incident Management Policy. | F189: COULD | G189: COULD | H189: External Dependency | M189: Applicable, but confirmation/ownership sits partly outside the delivery team (e.g. Bain/TSG Security, Infra, Governance or organisational policy). Capture the dependency rather than treating the delivery team as sole owner.

Sheet Summary
B2: ARC v2 Architecture Assessment Tracker
B3: Sheet "Summary"
B4: Last changed on: 29-Jul-2026 | F4: / DRAFT
B7: Summary
B9: Status \ Area | C9: Technical Architecture | D9: Application Design | E9: Code Quality | F9: Software Dev Principles | G9: Total
B10: Addressed | C10: =COUNTIFS(Tracker!$B$10:$B$189,"TA-*",Tracker!$K$10:$K$189,$B10) -> 0 | D10: =COUNTIFS(Tracker!$B$10:$B$189,"AD-*",Tracker!$K$10:$K$189,$B10) -> 0 | E10: =COUNTIFS(Tracker!$B$10:$B$189,"CQ-*",Tracker!$K$10:$K$189,$B10) -> 0 | F10: =COUNTIFS(Tracker!$B$10:$B$189,"SD-*",Tracker!$K$10:$K$189,$B10) -> 0 | G10: =SUM(C10:F10) -> 0
B11: Planned | C11: =COUNTIFS(Tracker!$B$10:$B$189,"TA-*",Tracker!$K$10:$K$189,$B11) -> 0 | D11: =COUNTIFS(Tracker!$B$10:$B$189,"AD-*",Tracker!$K$10:$K$189,$B11) -> 0 | E11: =COUNTIFS(Tracker!$B$10:$B$189,"CQ-*",Tracker!$K$10:$K$189,$B11) -> 0 | F11: =COUNTIFS(Tracker!$B$10:$B$189,"SD-*",Tracker!$K$10:$K$189,$B11) -> 0 | G11: =SUM(C11:F11) -> 0
B12: Open decision | C12: =COUNTIFS(Tracker!$B$10:$B$189,"TA-*",Tracker!$K$10:$K$189,$B12) -> 0 | D12: =COUNTIFS(Tracker!$B$10:$B$189,"AD-*",Tracker!$K$10:$K$189,$B12) -> 0 | E12: =COUNTIFS(Tracker!$B$10:$B$189,"CQ-*",Tracker!$K$10:$K$189,$B12) -> 0 | F12: =COUNTIFS(Tracker!$B$10:$B$189,"SD-*",Tracker!$K$10:$K$189,$B12) -> 0 | G12: =SUM(C12:F12) -> 0
B13: Needs security/infra review | C13: =COUNTIFS(Tracker!$B$10:$B$189,"TA-*",Tracker!$K$10:$K$189,$B13) -> 0 | D13: =COUNTIFS(Tracker!$B$10:$B$189,"AD-*",Tracker!$K$10:$K$189,$B13) -> 0 | E13: =COUNTIFS(Tracker!$B$10:$B$189,"CQ-*",Tracker!$K$10:$K$189,$B13) -> 0 | F13: =COUNTIFS(Tracker!$B$10:$B$189,"SD-*",Tracker!$K$10:$K$189,$B13) -> 0 | G13: =SUM(C13:F13) -> 0
B14: Gap | C14: =COUNTIFS(Tracker!$B$10:$B$189,"TA-*",Tracker!$K$10:$K$189,$B14) -> 0 | D14: =COUNTIFS(Tracker!$B$10:$B$189,"AD-*",Tracker!$K$10:$K$189,$B14) -> 0 | E14: =COUNTIFS(Tracker!$B$10:$B$189,"CQ-*",Tracker!$K$10:$K$189,$B14) -> 0 | F14: =COUNTIFS(Tracker!$B$10:$B$189,"SD-*",Tracker!$K$10:$K$189,$B14) -> 0 | G14: =SUM(C14:F14) -> 0
B15: Concern | C15: =COUNTIFS(Tracker!$B$10:$B$189,"TA-*",Tracker!$K$10:$K$189,$B15) -> 0 | D15: =COUNTIFS(Tracker!$B$10:$B$189,"AD-*",Tracker!$K$10:$K$189,$B15) -> 0 | E15: =COUNTIFS(Tracker!$B$10:$B$189,"CQ-*",Tracker!$K$10:$K$189,$B15) -> 0 | F15: =COUNTIFS(Tracker!$B$10:$B$189,"SD-*",Tracker!$K$10:$K$189,$B15) -> 0 | G15: =SUM(C15:F15) -> 0
B16: Disagreement | C16: =COUNTIFS(Tracker!$B$10:$B$189,"TA-*",Tracker!$K$10:$K$189,$B16) -> 0 | D16: =COUNTIFS(Tracker!$B$10:$B$189,"AD-*",Tracker!$K$10:$K$189,$B16) -> 0 | E16: =COUNTIFS(Tracker!$B$10:$B$189,"CQ-*",Tracker!$K$10:$K$189,$B16) -> 0 | F16: =COUNTIFS(Tracker!$B$10:$B$189,"SD-*",Tracker!$K$10:$K$189,$B16) -> 0 | G16: =SUM(C16:F16) -> 0
B17: N/A - confirm scope | C17: =COUNTIFS(Tracker!$B$10:$B$189,"TA-*",Tracker!$K$10:$K$189,$B17) -> 0 | D17: =COUNTIFS(Tracker!$B$10:$B$189,"AD-*",Tracker!$K$10:$K$189,$B17) -> 0 | E17: =COUNTIFS(Tracker!$B$10:$B$189,"CQ-*",Tracker!$K$10:$K$189,$B17) -> 0 | F17: =COUNTIFS(Tracker!$B$10:$B$189,"SD-*",Tracker!$K$10:$K$189,$B17) -> 0 | G17: =SUM(C17:F17) -> 0
B18: Total | C18: =SUM(C10:C17) -> 0 | D18: =SUM(D10:D17) -> 0 | E18: =SUM(E10:E17) -> 0 | F18: =SUM(F10:F17) -> 0 | G18: =SUM(G10:G17) -> 0
B21: Owner | C21: Count
B22: Echelon Eng | C22: =COUNTIF(Tracker!$L$10:$L$189,$B22) -> 0
B23: Ridwan & Corey | C23: =COUNTIF(Tracker!$L$10:$L$189,$B23) -> 0
B24: Bain / Joy | C24: =COUNTIF(Tracker!$L$10:$L$189,$B24) -> 0
B25: Design | C25: =COUNTIF(Tracker!$L$10:$L$189,$B25) -> 0
B26: Architecture Review / Governance | C26: =COUNTIF(Tracker!$L$10:$L$189,$B26) -> 0
B27: Total | C27: =SUM(C22:C26) -> 0
B30: Key figures
B31: Total requirements | C31: =COUNTA(Tracker!$B$10:$B$189) -> 180
B32: Addressed | C32: =COUNTIF(Tracker!$K$10:$K$189,"Addressed") -> 0
B33: MUST requirements | C33: =COUNTIF(Tracker!$F$10:$F$189,"MUST*") -> 136
B34: MUST not yet Addressed / not N-A | C34: =COUNTIFS(Tracker!$F$10:$F$189,"MUST*",Tracker!$K$10:$K$189,"<>Addressed")-COUNTIFS(Tracker!$F$10:$F$189,"MUST*",Tracker!$K$10:$K$189,"N/A - confirm scope") -> 136
B35: Concerns + Disagreements | C35: =COUNTIF(Tracker!$K$10:$K$189,"Concern")+COUNTIF(Tracker!$K$10:$K$189,"Disagreement") -> 0
B36: Gaps | C36: =COUNTIF(Tracker!$K$10:$K$189,"Gap") -> 0
B37: Items routed to Ridwan & Corey | C37: =COUNTIF(Tracker!$L$10:$L$189,"Ridwan & Corey") -> 0

Sheet Action Items
B2: ARC v2 Architecture Assessment Tracker
B3: Sheet "Action Items"
B4: Last changed on: 29-Jul-2026 | F4: / DRAFT
B7: Action Items — Concerns & Disagreements
B8: Items flagged red on the Tracker. Sorted: Concerns then Disagreements.
B9: ID | C9: Priority | D9: Status | E9: Requirement | F9: Issue / Recommended action | G9: Owner
B10: AD-01 | C10: MUST | D10: Concern
B11: AD-02 | C11: MUST | D11: Disagreement
